{"cameraMode":{"drawMode":0,"name":"Shaded","section":"Shading Mode"},"sceneLighting":false,"audioPlay":false,"sceneViewState":{"m_AlwaysRefresh":false,"showFog":false,"showSkybox":false,"showFlares":true,"showImageEffects":true,"showParticleSystems":true,"showVisualEffectGraphs":true,"m_FxEnabled":true},"in2DMode":false,"pivot":{"x":-5.8799309730529789,"y":3.3741912841796877,"z":11.696952819824219},"rotation":{"x":0.43442249298095705,"y":-0.006755293346941471,"z":0.0032610578928142788,"w":0.9007090926170349},"size":107.0389175415039,"orthographic":false}