{"cameraMode":{"drawMode":0,"name":"Shaded","section":"Shading Mode"},"sceneLighting":true,"audioPlay":false,"sceneViewState":{"m_AlwaysRefresh":false,"showFog":false,"showSkybox":false,"showFlares":true,"showImageEffects":true,"showParticleSystems":true,"showVisualEffectGraphs":true,"m_FxEnabled":true},"in2DMode":false,"pivot":{"x":-67.44828796386719,"y":5.050962448120117,"z":2.645692825317383},"rotation":{"x":0.040696196258068088,"y":0.9235647916793823,"z":-0.10238698869943619,"w":0.36740389466285708},"size":10.349467277526856,"orthographic":false}