{"cameraMode":{"drawMode":0,"name":"Shaded","section":"Shading Mode"},"sceneLighting":true,"audioPlay":false,"sceneViewState":{"m_AlwaysRefresh":false,"showFog":false,"showSkybox":false,"showFlares":true,"showImageEffects":true,"showParticleSystems":true,"showVisualEffectGraphs":true,"m_FxEnabled":true},"in2DMode":false,"pivot":{"x":-90.29994201660156,"y":12.931973457336426,"z":8.469362258911133},"rotation":{"x":0.20787616074085236,"y":0.001462216372601688,"z":-0.00033057836117222905,"w":0.9781860113143921},"size":17.974178314208986,"orthographic":false}