{"cameraMode":{"drawMode":0,"name":"Shaded","section":"Shading Mode"},"sceneLighting":true,"audioPlay":false,"sceneViewState":{"m_AlwaysRefresh":false,"showFog":false,"showSkybox":false,"showFlares":true,"showImageEffects":true,"showParticleSystems":true,"showVisualEffectGraphs":true,"m_FxEnabled":true},"in2DMode":false,"pivot":{"x":-15.830915451049805,"y":39.93549346923828,"z":-7.983650207519531},"rotation":{"x":0.00825965590775013,"y":0.8469858765602112,"z":0.013237307779490948,"w":-0.5314737558364868},"size":27.795595169067384,"orthographic":false}